key_0,Adj Close (^GSPC),DGS10 [%],T10YIE[%],Confirmed COVID-19 cases,Recovered COVID-19 cases,Deaths due to COVID-19 ,Initial unemployment claims (Seasonally adjusted),Weekly U.S. All Grades All Formulations Retail Gasoline Prices  (Dollars per Gallon),Weekly U.S. No 2 Diesel Retail Prices  (Dollars per Gallon)
2019-01-02,2510.030029,2.66,1.7,0,0,0,220000,2.329,3.013
2019-01-03,2447.889893,2.56,1.68,0,0,0,220000,2.329,3.013
2019-01-04,2531.939941,2.67,1.76,0,0,0,220000,2.329,3.013
2019-01-05,2531.939941,2.67,1.76,0,0,0,220000,2.329,3.013
2019-01-06,2531.939941,2.67,1.76,0,0,0,216000,2.329,3.013
2019-01-07,2549.689941,2.7,1.78,0,0,0,216000,2.329,3.013
2019-01-08,2574.409912,2.73,1.82,0,0,0,216000,2.338,2.976
2019-01-09,2584.959961,2.74,1.83,0,0,0,216000,2.338,2.976
2019-01-10,2596.639893,2.74,1.81,0,0,0,216000,2.338,2.976
2019-01-11,2596.26001,2.71,1.83,0,0,0,216000,2.338,2.976
2019-01-12,2596.26001,2.71,1.83,0,0,0,216000,2.338,2.976
2019-01-13,2596.26001,2.71,1.83,0,0,0,209000,2.338,2.976
2019-01-14,2582.610107,2.71,1.81,0,0,0,209000,2.338,2.976
2019-01-15,2610.300049,2.72,1.81,0,0,0,209000,2.34,2.965
2019-01-16,2616.100098,2.73,1.82,0,0,0,209000,2.34,2.965
2019-01-17,2635.959961,2.75,1.79,0,0,0,209000,2.34,2.965
2019-01-18,2670.709961,2.79,1.83,0,0,0,209000,2.34,2.965
2019-01-19,2670.709961,2.79,1.83,0,0,0,209000,2.34,2.965
2019-01-20,2670.709961,2.79,1.83,0,0,0,236000,2.34,2.965
2019-01-21,2670.709961,2.79,1.83,0,0,0,236000,2.34,2.965
2019-01-22,2632.899902,2.74,1.79,0,0,0,236000,2.343,2.965
2019-01-23,2638.699951,2.76,1.8,0,0,0,236000,2.343,2.965
2019-01-24,2642.330078,2.72,1.77,0,0,0,236000,2.343,2.965
2019-01-25,2664.76001,2.76,1.79,0,0,0,236000,2.343,2.965
2019-01-26,2664.76001,2.76,1.79,0,0,0,236000,2.343,2.965
2019-01-27,2664.76001,2.76,1.79,0,0,0,230000,2.343,2.965
2019-01-28,2643.850098,2.75,1.78,0,0,0,230000,2.343,2.965
2019-01-29,2640,2.72,1.78,0,0,0,230000,2.341,2.966
2019-01-30,2681.050049,2.7,1.84,0,0,0,230000,2.341,2.966
2019-01-31,2704.100098,2.63,1.85,0,0,0,230000,2.341,2.966
2019-02-01,2706.530029,2.7,1.88,0,0,0,230000,2.341,2.966
2019-02-02,2706.530029,2.7,1.88,0,0,0,230000,2.341,2.966
2019-02-03,2706.530029,2.7,1.88,0,0,0,228000,2.341,2.966
2019-02-04,2724.870117,2.73,1.87,0,0,0,228000,2.341,2.966
2019-02-05,2737.699951,2.71,1.87,0,0,0,228000,2.361,2.966
2019-02-06,2731.610107,2.7,1.86,0,0,0,228000,2.361,2.966
2019-02-07,2706.050049,2.65,1.84,0,0,0,228000,2.361,2.966
2019-02-08,2707.879883,2.63,1.82,0,0,0,228000,2.361,2.966
2019-02-09,2707.879883,2.63,1.82,0,0,0,228000,2.361,2.966
2019-02-10,2707.879883,2.63,1.82,0,0,0,218000,2.361,2.966
2019-02-11,2709.800049,2.65,1.82,0,0,0,218000,2.361,2.966
2019-02-12,2744.72998,2.68,1.83,0,0,0,218000,2.4,3.006
2019-02-13,2753.030029,2.71,1.86,0,0,0,218000,2.4,3.006
2019-02-14,2745.72998,2.66,1.85,0,0,0,218000,2.4,3.006
2019-02-15,2775.600098,2.66,1.86,0,0,0,218000,2.4,3.006
2019-02-16,2775.600098,2.66,1.86,0,0,0,218000,2.4,3.006
2019-02-17,2775.600098,2.66,1.86,0,0,0,224000,2.4,3.006
2019-02-18,2775.600098,2.66,1.86,0,0,0,224000,2.4,3.006
2019-02-19,2779.76001,2.65,1.87,0,0,0,224000,2.471,3.048
2019-02-20,2784.699951,2.65,1.89,0,0,0,224000,2.471,3.048
2019-02-21,2774.879883,2.69,1.91,0,0,0,224000,2.471,3.048
2019-02-22,2792.669922,2.65,1.91,0,0,0,224000,2.471,3.048
2019-02-23,2792.669922,2.65,1.91,0,0,0,224000,2.471,3.048
2019-02-24,2792.669922,2.65,1.91,0,0,0,220000,2.471,3.048
2019-02-25,2796.110107,2.67,1.92,0,0,0,220000,2.471,3.048
2019-02-26,2793.899902,2.64,1.92,0,0,0,220000,2.502,3.076
2019-02-27,2792.379883,2.69,1.93,0,0,0,220000,2.502,3.076
2019-02-28,2784.48999,2.73,1.95,0,0,0,220000,2.502,3.076
2019-03-01,2803.689941,2.76,1.96,0,0,0,220000,2.502,3.076
2019-03-02,2803.689941,2.76,1.96,0,0,0,220000,2.502,3.076
2019-03-03,2803.689941,2.76,1.96,0,0,0,224000,2.502,3.076
2019-03-04,2792.810059,2.72,1.94,0,0,0,224000,2.502,3.076
2019-03-05,2789.649902,2.72,1.93,0,0,0,224000,2.549,3.079
2019-03-06,2771.449951,2.69,1.91,0,0,0,224000,2.549,3.079
2019-03-07,2748.929932,2.64,1.9,0,0,0,224000,2.549,3.079
2019-03-08,2743.070068,2.62,1.9,0,0,0,224000,2.549,3.079
2019-03-09,2743.070068,2.62,1.9,0,0,0,224000,2.549,3.079
2019-03-10,2743.070068,2.62,1.9,0,0,0,219000,2.549,3.079
2019-03-11,2783.300049,2.64,1.91,0,0,0,219000,2.549,3.079
2019-03-12,2791.52002,2.61,1.9,0,0,0,219000,2.625,3.07
2019-03-13,2810.919922,2.61,1.92,0,0,0,219000,2.625,3.07
2019-03-14,2808.47998,2.63,1.94,0,0,0,219000,2.625,3.07
2019-03-15,2822.47998,2.59,1.94,0,0,0,219000,2.625,3.07
2019-03-16,2822.47998,2.59,1.94,0,0,0,219000,2.625,3.07
2019-03-17,2822.47998,2.59,1.94,0,0,0,215000,2.625,3.07
2019-03-18,2832.939941,2.6,1.96,0,0,0,215000,2.625,3.07
2019-03-19,2832.570068,2.61,1.95,0,0,0,215000,2.701,3.08
2019-03-20,2824.22998,2.54,1.96,0,0,0,215000,2.701,3.08
2019-03-21,2854.879883,2.54,1.96,0,0,0,215000,2.701,3.08
2019-03-22,2800.709961,2.44,1.9,0,0,0,215000,2.701,3.08
2019-03-23,2800.709961,2.44,1.9,0,0,0,215000,2.701,3.08
2019-03-24,2800.709961,2.44,1.9,0,0,0,211000,2.701,3.08
2019-03-25,2798.360107,2.43,1.88,0,0,0,211000,2.701,3.08
2019-03-26,2818.459961,2.41,1.86,0,0,0,211000,2.77,3.078
2019-03-27,2805.370117,2.39,1.84,0,0,0,211000,2.77,3.078
2019-03-28,2815.439941,2.39,1.83,0,0,0,211000,2.77,3.078
2019-03-29,2834.399902,2.41,1.88,0,0,0,211000,2.77,3.078
2019-03-30,2834.399902,2.41,1.88,0,0,0,211000,2.77,3.078
2019-03-31,2834.399902,2.41,1.88,0,0,0,203000,2.77,3.078
2019-04-01,2867.189941,2.49,1.9,0,0,0,203000,2.77,3.078
2019-04-02,2867.23999,2.48,1.9,0,0,0,203000,2.826,3.093
2019-04-03,2873.399902,2.52,1.91,0,0,0,203000,2.826,3.093
2019-04-04,2879.389893,2.51,1.9,0,0,0,203000,2.826,3.093
2019-04-05,2892.73999,2.5,1.9,0,0,0,203000,2.826,3.093
2019-04-06,2892.73999,2.5,1.9,0,0,0,203000,2.826,3.093
2019-04-07,2892.73999,2.5,1.9,0,0,0,203000,2.826,3.093
2019-04-08,2895.77002,2.52,1.91,0,0,0,203000,2.826,3.093
2019-04-09,2878.199951,2.51,1.91,0,0,0,203000,2.912,3.118
2019-04-10,2888.209961,2.48,1.94,0,0,0,203000,2.912,3.118
2019-04-11,2888.320068,2.51,1.94,0,0,0,203000,2.912,3.118
2019-04-12,2907.409912,2.56,1.95,0,0,0,203000,2.912,3.118
2019-04-13,2907.409912,2.56,1.95,0,0,0,203000,2.912,3.118
2019-04-14,2907.409912,2.56,1.95,0,0,0,226000,2.912,3.118
2019-04-15,2905.580078,2.55,1.94,0,0,0,226000,2.912,3.118
2019-04-16,2907.060059,2.6,1.96,0,0,0,226000,2.926,3.147
2019-04-17,2900.449951,2.59,1.94,0,0,0,226000,2.926,3.147
2019-04-18,2905.030029,2.57,1.95,0,0,0,226000,2.926,3.147
2019-04-19,2905.030029,2.57,1.95,0,0,0,226000,2.926,3.147
2019-04-20,2905.030029,2.57,1.95,0,0,0,226000,2.926,3.147
2019-04-21,2905.030029,2.57,1.95,0,0,0,230000,2.926,3.147
2019-04-22,2907.969971,2.59,1.95,0,0,0,230000,2.926,3.147
2019-04-23,2933.679932,2.57,1.95,0,0,0,230000,2.972,3.169
2019-04-24,2927.25,2.53,1.96,0,0,0,230000,2.972,3.169
2019-04-25,2926.169922,2.54,1.98,0,0,0,230000,2.972,3.169
2019-04-26,2939.879883,2.51,1.97,0,0,0,230000,2.972,3.169
2019-04-27,2939.879883,2.51,1.97,0,0,0,230000,2.972,3.169
2019-04-28,2939.879883,2.51,1.97,0,0,0,225000,2.972,3.169
2019-04-29,2943.030029,2.54,1.96,0,0,0,225000,2.972,3.169
2019-04-30,2945.830078,2.51,1.95,0,0,0,225000,2.983,3.171
2019-05-01,2923.72998,2.52,1.93,0,0,0,225000,2.983,3.171
2019-05-02,2917.52002,2.55,1.89,0,0,0,225000,2.983,3.171
2019-05-03,2945.639893,2.54,1.91,0,0,0,225000,2.983,3.171
2019-05-04,2945.639893,2.54,1.91,0,0,0,225000,2.983,3.171
2019-05-05,2945.639893,2.54,1.91,0,0,0,217000,2.983,3.171
2019-05-06,2932.469971,2.51,1.91,0,0,0,217000,2.983,3.171
2019-05-07,2884.050049,2.45,1.87,0,0,0,217000,2.954,3.16
2019-05-08,2879.419922,2.49,1.87,0,0,0,217000,2.954,3.16
2019-05-09,2870.719971,2.45,1.85,0,0,0,217000,2.954,3.16
2019-05-10,2881.399902,2.47,1.88,0,0,0,217000,2.954,3.16
2019-05-11,2881.399902,2.47,1.88,0,0,0,217000,2.954,3.16
2019-05-12,2881.399902,2.47,1.88,0,0,0,213000,2.954,3.16
2019-05-13,2811.870117,2.4,1.85,0,0,0,213000,2.954,3.16
2019-05-14,2834.409912,2.42,1.86,0,0,0,213000,2.939,3.163
2019-05-15,2850.959961,2.37,1.83,0,0,0,213000,2.939,3.163
2019-05-16,2876.320068,2.4,1.84,0,0,0,213000,2.939,3.163
2019-05-17,2859.530029,2.39,1.81,0,0,0,213000,2.939,3.163
2019-05-18,2859.530029,2.39,1.81,0,0,0,213000,2.939,3.163
2019-05-19,2859.530029,2.39,1.81,0,0,0,218000,2.939,3.163
2019-05-20,2840.22998,2.41,1.81,0,0,0,218000,2.939,3.163
2019-05-21,2864.360107,2.43,1.83,0,0,0,218000,2.909,3.151
2019-05-22,2856.27002,2.39,1.79,0,0,0,218000,2.909,3.151
2019-05-23,2822.23999,2.31,1.73,0,0,0,218000,2.909,3.151
2019-05-24,2826.060059,2.32,1.76,0,0,0,218000,2.909,3.151
2019-05-25,2826.060059,2.32,1.76,0,0,0,218000,2.909,3.151
2019-05-26,2826.060059,2.32,1.76,0,0,0,220000,2.909,3.151
2019-05-27,2826.060059,2.32,1.76,0,0,0,220000,2.909,3.151
2019-05-28,2802.389893,2.26,1.73,0,0,0,220000,2.893,3.136
2019-05-29,2783.02002,2.25,1.75,0,0,0,220000,2.893,3.136
2019-05-30,2788.860107,2.22,1.74,0,0,0,220000,2.893,3.136
2019-05-31,2752.060059,2.14,1.74,0,0,0,220000,2.893,3.136
2019-06-01,2752.060059,2.14,1.74,0,0,0,220000,2.893,3.136
2019-06-02,2752.060059,2.14,1.74,0,0,0,220000,2.893,3.136
2019-06-03,2744.449951,2.07,1.73,0,0,0,220000,2.893,3.136
2019-06-04,2803.27002,2.12,1.74,0,0,0,220000,2.821,3.105
2019-06-05,2826.149902,2.12,1.75,0,0,0,220000,2.821,3.105
2019-06-06,2843.48999,2.12,1.73,0,0,0,220000,2.821,3.105
2019-06-07,2873.340088,2.09,1.74,0,0,0,220000,2.821,3.105
2019-06-08,2873.340088,2.09,1.74,0,0,0,220000,2.821,3.105
2019-06-09,2873.340088,2.09,1.74,0,0,0,219000,2.821,3.105
2019-06-10,2886.72998,2.15,1.73,0,0,0,219000,2.821,3.105
2019-06-11,2885.719971,2.15,1.72,0,0,0,219000,2.759,3.07
2019-06-12,2879.840088,2.13,1.71,0,0,0,219000,2.759,3.07
2019-06-13,2891.639893,2.1,1.68,0,0,0,219000,2.759,3.07
2019-06-14,2886.97998,2.09,1.63,0,0,0,219000,2.759,3.07
2019-06-15,2886.97998,2.09,1.63,0,0,0,219000,2.759,3.07
2019-06-16,2886.97998,2.09,1.63,0,0,0,224000,2.759,3.07
2019-06-17,2889.669922,2.09,1.61,0,0,0,224000,2.759,3.07
2019-06-18,2917.75,2.06,1.64,0,0,0,224000,2.741,3.043
2019-06-19,2926.459961,2.03,1.67,0,0,0,224000,2.741,3.043
2019-06-20,2954.179932,2.01,1.74,0,0,0,224000,2.741,3.043
2019-06-21,2950.459961,2.07,1.73,0,0,0,224000,2.741,3.043
2019-06-22,2950.459961,2.07,1.73,0,0,0,224000,2.741,3.043
2019-06-23,2950.459961,2.07,1.73,0,0,0,222000,2.741,3.043
2019-06-24,2945.350098,2.02,1.71,0,0,0,222000,2.741,3.043
2019-06-25,2917.379883,2,1.67,0,0,0,222000,2.798,3.042
2019-06-26,2913.780029,2.05,1.7,0,0,0,222000,2.798,3.042
2019-06-27,2924.919922,2.01,1.68,0,0,0,222000,2.798,3.042
2019-06-28,2941.76001,2,1.69,0,0,0,222000,2.798,3.042
2019-06-29,2941.76001,2,1.69,0,0,0,222000,2.798,3.042
2019-06-30,2941.76001,2,1.69,0,0,0,211000,2.798,3.042
2019-07-01,2964.330078,2.03,1.69,0,0,0,211000,2.798,3.042
2019-07-02,2973.01001,1.98,1.65,0,0,0,211000,2.827,3.055
2019-07-03,2995.820068,1.96,1.65,0,0,0,211000,2.827,3.055
2019-07-04,2995.820068,1.96,1.65,0,0,0,211000,2.827,3.055
2019-07-05,2990.409912,2.04,1.69,0,0,0,211000,2.827,3.055
2019-07-06,2990.409912,2.04,1.69,0,0,0,211000,2.827,3.055
2019-07-07,2990.409912,2.04,1.69,0,0,0,217000,2.827,3.055
2019-07-08,2975.949951,2.05,1.7,0,0,0,217000,2.827,3.055
2019-07-09,2979.629883,2.07,1.71,0,0,0,217000,2.86,3.051
2019-07-10,2993.070068,2.07,1.74,0,0,0,217000,2.86,3.051
2019-07-11,2999.909912,2.13,1.77,0,0,0,217000,2.86,3.051
2019-07-12,3013.77002,2.12,1.77,0,0,0,217000,2.86,3.051
2019-07-13,3013.77002,2.12,1.77,0,0,0,217000,2.86,3.051
2019-07-14,3013.77002,2.12,1.77,0,0,0,211000,2.86,3.051
2019-07-15,3014.300049,2.09,1.77,0,0,0,211000,2.86,3.051
2019-07-16,3004.040039,2.13,1.8,0,0,0,211000,2.833,3.044
2019-07-17,2984.419922,2.06,1.75,0,0,0,211000,2.833,3.044
2019-07-18,2995.110107,2.04,1.79,0,0,0,211000,2.833,3.044
2019-07-19,2976.610107,2.05,1.8,0,0,0,211000,2.833,3.044
2019-07-20,2976.610107,2.05,1.8,0,0,0,211000,2.833,3.044
2019-07-21,2976.610107,2.05,1.8,0,0,0,216000,2.833,3.044
2019-07-22,2985.030029,2.05,1.79,0,0,0,216000,2.833,3.044
2019-07-23,3005.469971,2.08,1.81,0,0,0,216000,2.798,3.034
2019-07-24,3019.560059,2.05,1.79,0,0,0,216000,2.798,3.034
2019-07-25,3003.669922,2.08,1.8,0,0,0,216000,2.798,3.034
2019-07-26,3025.860107,2.08,1.78,0,0,0,216000,2.798,3.034
2019-07-27,3025.860107,2.08,1.78,0,0,0,216000,2.798,3.034
2019-07-28,3025.860107,2.08,1.78,0,0,0,214000,2.798,3.034
2019-07-29,3020.969971,2.06,1.77,0,0,0,214000,2.798,3.034
2019-07-30,3013.179932,2.06,1.78,0,0,0,214000,2.772,3.032
2019-07-31,2980.379883,2.02,1.76,0,0,0,214000,2.772,3.032
2019-08-01,2953.560059,1.9,1.7,0,0,0,214000,2.772,3.032
2019-08-02,2932.050049,1.86,1.66,0,0,0,214000,2.772,3.032
2019-08-03,2932.050049,1.86,1.66,0,0,0,214000,2.772,3.032
2019-08-04,2932.050049,1.86,1.66,0,0,0,218000,2.772,3.032
2019-08-05,2844.73999,1.75,1.6,0,0,0,218000,2.772,3.032
2019-08-06,2881.77002,1.73,1.62,0,0,0,218000,2.71,3.011
2019-08-07,2883.97998,1.71,1.62,0,0,0,218000,2.71,3.011
2019-08-08,2938.090088,1.72,1.65,0,0,0,218000,2.71,3.011
2019-08-09,2918.649902,1.74,1.66,0,0,0,218000,2.71,3.011
2019-08-10,2918.649902,1.74,1.66,0,0,0,218000,2.71,3.011
2019-08-11,2918.649902,1.74,1.66,0,0,0,215000,2.71,3.011
2019-08-12,2882.699951,1.65,1.61,0,0,0,215000,2.71,3.011
2019-08-13,2926.320068,1.68,1.63,0,0,0,215000,2.684,2.994
2019-08-14,2840.600098,1.59,1.57,0,0,0,215000,2.684,2.994
2019-08-15,2847.600098,1.52,1.54,0,0,0,215000,2.684,2.994
2019-08-16,2888.679932,1.55,1.54,0,0,0,215000,2.684,2.994
2019-08-17,2888.679932,1.55,1.54,0,0,0,215000,2.684,2.994
2019-08-18,2888.679932,1.55,1.54,0,0,0,215000,2.684,2.994
2019-08-19,2923.649902,1.6,1.56,0,0,0,215000,2.684,2.994
2019-08-20,2900.51001,1.55,1.53,0,0,0,215000,2.661,2.983
2019-08-21,2924.429932,1.59,1.54,0,0,0,215000,2.661,2.983
2019-08-22,2922.949951,1.62,1.55,0,0,0,215000,2.661,2.983
2019-08-23,2847.110107,1.52,1.54,0,0,0,215000,2.661,2.983
2019-08-24,2847.110107,1.52,1.54,0,0,0,215000,2.661,2.983
2019-08-25,2847.110107,1.52,1.54,0,0,0,219000,2.661,2.983
2019-08-26,2878.379883,1.54,1.54,0,0,0,219000,2.661,2.983
2019-08-27,2869.159912,1.49,1.55,0,0,0,219000,2.651,2.976
2019-08-28,2887.939941,1.47,1.55,0,0,0,219000,2.651,2.976
2019-08-29,2924.580078,1.5,1.59,0,0,0,219000,2.651,2.976
2019-08-30,2926.459961,1.5,1.55,0,0,0,219000,2.651,2.976
2019-08-31,2926.459961,1.5,1.55,0,0,0,219000,2.651,2.976
2019-09-01,2926.459961,1.5,1.55,0,0,0,208000,2.651,2.976
2019-09-02,2926.459961,1.5,1.55,0,0,0,208000,2.651,2.976
2019-09-03,2906.27002,1.47,1.5,0,0,0,208000,2.638,2.971
2019-09-04,2937.780029,1.47,1.51,0,0,0,208000,2.638,2.971
2019-09-05,2976,1.57,1.56,0,0,0,208000,2.638,2.971
2019-09-06,2978.709961,1.55,1.54,0,0,0,208000,2.638,2.971
2019-09-07,2978.709961,1.55,1.54,0,0,0,208000,2.638,2.971
2019-09-08,2978.709961,1.55,1.54,0,0,0,211000,2.638,2.971
2019-09-09,2978.429932,1.63,1.57,0,0,0,211000,2.638,2.971
2019-09-10,2979.389893,1.72,1.6,0,0,0,211000,2.64,2.987
2019-09-11,3000.929932,1.75,1.6,0,0,0,211000,2.64,2.987
2019-09-12,3009.570068,1.79,1.63,0,0,0,211000,2.64,2.987
2019-09-13,3007.389893,1.9,1.67,0,0,0,211000,2.64,2.987
2019-09-14,3007.389893,1.9,1.67,0,0,0,211000,2.64,2.987
2019-09-15,3007.389893,1.9,1.67,0,0,0,215000,2.64,2.987
2019-09-16,2997.959961,1.84,1.67,0,0,0,215000,2.64,2.987
2019-09-17,3005.699951,1.81,1.66,0,0,0,215000,2.741,3.081
2019-09-18,3006.72998,1.8,1.59,0,0,0,215000,2.741,3.081
2019-09-19,3006.790039,1.79,1.61,0,0,0,215000,2.741,3.081
2019-09-20,2992.070068,1.74,1.61,0,0,0,215000,2.741,3.081
2019-09-21,2992.070068,1.74,1.61,0,0,0,215000,2.741,3.081
2019-09-22,2992.070068,1.74,1.61,0,0,0,218000,2.741,3.081
2019-09-23,2991.780029,1.72,1.61,0,0,0,218000,2.741,3.081
2019-09-24,2966.600098,1.64,1.58,0,0,0,218000,2.737,3.066
2019-09-25,2984.870117,1.73,1.6,0,0,0,218000,2.737,3.066
2019-09-26,2977.620117,1.7,1.57,0,0,0,218000,2.737,3.066
2019-09-27,2961.790039,1.69,1.53,0,0,0,218000,2.737,3.066
2019-09-28,2961.790039,1.69,1.53,0,0,0,218000,2.737,3.066
2019-09-29,2961.790039,1.69,1.53,0,0,0,212000,2.737,3.066
2019-09-30,2976.73999,1.68,1.53,0,0,0,212000,2.737,3.066
2019-10-01,2940.25,1.65,1.52,0,0,0,212000,2.742,3.047
2019-10-02,2887.610107,1.6,1.5,0,0,0,212000,2.742,3.047
2019-10-03,2910.629883,1.54,1.48,0,0,0,212000,2.742,3.047
2019-10-04,2952.01001,1.52,1.5,0,0,0,212000,2.742,3.047
2019-10-05,2952.01001,1.52,1.5,0,0,0,212000,2.742,3.047
2019-10-06,2952.01001,1.52,1.5,0,0,0,218000,2.742,3.047
2019-10-07,2938.790039,1.56,1.51,0,0,0,218000,2.742,3.047
2019-10-08,2893.060059,1.54,1.48,0,0,0,218000,2.727,3.051
2019-10-09,2919.399902,1.59,1.49,0,0,0,218000,2.727,3.051
2019-10-10,2938.129883,1.67,1.52,0,0,0,218000,2.727,3.051
2019-10-11,2970.27002,1.76,1.56,0,0,0,218000,2.727,3.051
2019-10-12,2970.27002,1.76,1.56,0,0,0,218000,2.727,3.051
2019-10-13,2970.27002,1.76,1.56,0,0,0,213000,2.727,3.051
2019-10-14,2966.149902,1.76,1.56,0,0,0,213000,2.727,3.051
2019-10-15,2995.679932,1.77,1.56,0,0,0,213000,2.735,3.05
2019-10-16,2989.689941,1.75,1.57,0,0,0,213000,2.735,3.05
2019-10-17,2997.949951,1.76,1.59,0,0,0,213000,2.735,3.05
2019-10-18,2986.199951,1.76,1.6,0,0,0,213000,2.735,3.05
2019-10-19,2986.199951,1.76,1.6,0,0,0,213000,2.735,3.05
2019-10-20,2986.199951,1.76,1.6,0,0,0,217000,2.735,3.05
2019-10-21,3006.719971,1.8,1.61,0,0,0,217000,2.735,3.05
2019-10-22,2995.98999,1.78,1.61,0,0,0,217000,2.692,3.064
2019-10-23,3004.52002,1.77,1.61,0,0,0,217000,2.692,3.064
2019-10-24,3010.290039,1.77,1.62,0,0,0,217000,2.692,3.064
2019-10-25,3022.550049,1.8,1.65,0,0,0,217000,2.692,3.064
2019-10-26,3022.550049,1.8,1.65,0,0,0,217000,2.692,3.064
2019-10-27,3022.550049,1.8,1.65,0,0,0,212000,2.692,3.064
2019-10-28,3039.419922,1.85,1.64,0,0,0,212000,2.692,3.064
2019-10-29,3036.889893,1.84,1.61,0,0,0,212000,2.702,3.062
2019-10-30,3046.77002,1.78,1.57,0,0,0,212000,2.702,3.062
2019-10-31,3037.560059,1.69,1.54,0,0,0,212000,2.702,3.062
2019-11-01,3066.909912,1.73,1.59,0,0,0,212000,2.702,3.062
2019-11-02,3066.909912,1.73,1.59,0,0,0,212000,2.702,3.062
2019-11-03,3066.909912,1.73,1.59,0,0,0,222000,2.702,3.062
2019-11-04,3078.27002,1.79,1.64,0,0,0,222000,2.702,3.062
2019-11-05,3074.620117,1.86,1.68,0,0,0,222000,2.711,3.073
2019-11-06,3076.780029,1.81,1.66,0,0,0,222000,2.711,3.073
2019-11-07,3085.179932,1.92,1.69,0,0,0,222000,2.711,3.073
2019-11-08,3093.080078,1.94,1.71,0,0,0,222000,2.711,3.073
2019-11-09,3093.080078,1.94,1.71,0,0,0,222000,2.711,3.073
2019-11-10,3093.080078,1.94,1.71,0,0,0,223000,2.711,3.073
2019-11-11,3087.01001,1.94,1.71,0,0,0,223000,2.711,3.073
2019-11-12,3091.840088,1.92,1.7,0,0,0,223000,2.688,3.074
2019-11-13,3094.040039,1.88,1.66,0,0,0,223000,2.688,3.074
2019-11-14,3096.629883,1.82,1.62,0,0,0,223000,2.688,3.074
2019-11-15,3120.459961,1.84,1.63,0,0,0,223000,2.688,3.074
2019-11-16,3120.459961,1.84,1.63,0,0,0,223000,2.688,3.074
2019-11-17,3120.459961,1.84,1.63,0,0,0,211000,2.688,3.074
2019-11-18,3122.030029,1.81,1.63,0,0,0,211000,2.688,3.074
2019-11-19,3120.179932,1.79,1.63,0,0,0,211000,2.672,3.066
2019-11-20,3108.459961,1.73,1.6,0,0,0,211000,2.672,3.066
2019-11-21,3103.540039,1.77,1.63,0,0,0,211000,2.672,3.066
2019-11-22,3110.290039,1.77,1.62,0,0,0,211000,2.672,3.066
2019-11-23,3110.290039,1.77,1.62,0,0,0,211000,2.672,3.066
2019-11-24,3110.290039,1.77,1.62,0,0,0,206000,2.672,3.066
2019-11-25,3133.639893,1.76,1.62,0,0,0,206000,2.672,3.066
2019-11-26,3140.52002,1.74,1.62,0,0,0,206000,2.667,3.07
2019-11-27,3153.629883,1.77,1.63,0,0,0,206000,2.667,3.07
2019-11-28,3153.629883,1.77,1.63,0,0,0,206000,2.667,3.07
2019-11-29,3140.97998,1.78,1.61,0,0,0,206000,2.667,3.07
2019-11-30,3140.97998,1.78,1.61,0,0,0,206000,2.667,3.07
2019-12-01,3140.97998,1.78,1.61,0,0,0,237000,2.667,3.07
2019-12-02,3113.870117,1.83,1.65,0,0,0,237000,2.667,3.07
2019-12-03,3093.199951,1.72,1.63,0,0,0,237000,2.652,3.049
2019-12-04,3112.76001,1.77,1.66,0,0,0,237000,2.652,3.049
2019-12-05,3117.429932,1.8,1.67,0,0,0,237000,2.652,3.049
2019-12-06,3145.909912,1.84,1.69,0,0,0,237000,2.652,3.049
2019-12-07,3145.909912,1.84,1.69,0,0,0,237000,2.652,3.049
2019-12-08,3145.909912,1.84,1.69,0,0,0,229000,2.652,3.049
2019-12-09,3135.959961,1.83,1.69,0,0,0,229000,2.652,3.049
2019-12-10,3132.52002,1.85,1.71,0,0,0,229000,2.627,3.046
2019-12-11,3141.629883,1.79,1.69,0,0,0,229000,2.627,3.046
2019-12-12,3168.570068,1.9,1.72,0,0,0,229000,2.627,3.046
2019-12-13,3168.800049,1.82,1.7,0,0,0,229000,2.627,3.046
2019-12-14,3168.800049,1.82,1.7,0,0,0,229000,2.627,3.046
2019-12-15,3168.800049,1.82,1.7,0,0,0,218000,2.627,3.046
2019-12-16,3191.449951,1.89,1.73,0,0,0,218000,2.627,3.046
2019-12-17,3192.52002,1.89,1.75,0,0,0,218000,2.621,3.041
2019-12-18,3191.139893,1.92,1.76,0,0,0,218000,2.621,3.041
2019-12-19,3205.370117,1.92,1.77,0,0,0,218000,2.621,3.041
2019-12-20,3221.219971,1.92,1.77,0,0,0,218000,2.621,3.041
2019-12-21,3221.219971,1.92,1.77,0,0,0,218000,2.621,3.041
2019-12-22,3221.219971,1.92,1.77,0,0,0,220000,2.621,3.041
2019-12-23,3224.01001,1.93,1.75,0,0,0,220000,2.621,3.041
2019-12-24,3223.379883,1.9,1.75,0,0,0,220000,2.658,3.069
2019-12-25,3223.379883,1.9,1.75,0,0,0,220000,2.658,3.069
2019-12-26,3239.909912,1.9,1.74,0,0,0,220000,2.658,3.069
2019-12-27,3240.02002,1.88,1.73,0,0,0,220000,2.658,3.069
2019-12-28,3240.02002,1.88,1.73,0,0,0,220000,2.658,3.069
2019-12-29,3240.02002,1.88,1.73,0,0,0,212000,2.658,3.069
2019-12-30,3221.290039,1.9,1.75,0,0,0,212000,2.658,3.069
2019-12-31,3230.780029,1.92,1.77,0,0,0,212000,2.665,3.079
2020-01-01,3230.780029,1.92,1.77,0,0,0,212000,2.665,3.079
2020-01-02,3257.850098,1.88,1.8,0,0,0,212000,2.665,3.079
2020-01-03,3234.850098,1.8,1.77,0,0,0,212000,2.665,3.079
2020-01-04,3234.850098,1.8,1.77,0,0,0,212000,2.665,3.079
2020-01-05,3234.850098,1.8,1.77,0,0,0,207000,2.665,3.079
2020-01-06,3246.280029,1.81,1.75,0,0,0,207000,2.665,3.079
2020-01-07,3237.179932,1.83,1.74,0,0,0,207000,2.657,3.064
2020-01-08,3253.050049,1.87,1.75,0,0,0,207000,2.657,3.064
2020-01-09,3274.699951,1.85,1.74,0,0,0,207000,2.657,3.064
2020-01-10,3265.350098,1.83,1.76,0,0,0,207000,2.657,3.064
2020-01-11,3265.350098,1.83,1.76,0,0,0,207000,2.657,3.064
2020-01-12,3265.350098,1.83,1.76,0,0,0,220000,2.657,3.064
2020-01-13,3288.129883,1.85,1.77,0,0,0,220000,2.657,3.064
2020-01-14,3283.149902,1.82,1.77,0,0,0,220000,2.625,3.037
2020-01-15,3289.290039,1.79,1.75,0,0,0,220000,2.625,3.037
2020-01-16,3316.810059,1.81,1.74,0,0,0,220000,2.625,3.037
2020-01-17,3329.620117,1.84,1.75,0,0,0,220000,2.625,3.037
2020-01-18,3329.620117,1.84,1.75,0,0,0,220000,2.625,3.037
2020-01-19,3329.620117,1.84,1.75,0,0,0,212000,2.625,3.037
2020-01-20,3329.620117,1.84,1.75,0,0,0,212000,2.625,3.037
2020-01-21,3320.790039,1.78,1.74,0,0,0,212000,2.595,3.01
2020-01-22,3321.75,1.77,1.72,1,0,0,212000,2.595,3.01
2020-01-23,3325.540039,1.74,1.7,1,0,0,212000,2.595,3.01
2020-01-24,3295.469971,1.7,1.68,2,0,0,212000,2.595,3.01
2020-01-25,3295.469971,1.7,1.68,2,0,0,212000,2.595,3.01
2020-01-26,3295.469971,1.7,1.68,5,0,0,201000,2.595,3.01
2020-01-27,3243.629883,1.61,1.63,5,0,0,201000,2.595,3.01
2020-01-28,3276.23999,1.65,1.65,5,0,0,201000,2.546,2.956
2020-01-29,3273.399902,1.6,1.64,5,0,0,201000,2.546,2.956
2020-01-30,3283.659912,1.57,1.64,5,0,0,201000,2.546,2.956
2020-01-31,3225.52002,1.51,1.65,7,0,0,201000,2.546,2.956
2020-02-01,3225.52002,1.51,1.65,8,0,0,201000,2.546,2.956
2020-02-02,3225.52002,1.51,1.65,8,0,0,204000,2.546,2.956
2020-02-03,3248.919922,1.54,1.63,11,0,0,204000,2.546,2.956
2020-02-04,3297.590088,1.61,1.64,11,0,0,204000,2.511,2.91
2020-02-05,3334.689941,1.66,1.66,11,0,0,204000,2.511,2.91
2020-02-06,3345.780029,1.65,1.67,11,0,0,204000,2.511,2.91
2020-02-07,3327.709961,1.59,1.66,11,0,0,204000,2.511,2.91
2020-02-08,3327.709961,1.59,1.66,11,0,0,204000,2.511,2.91
2020-02-09,3327.709961,1.59,1.66,11,3,0,215000,2.511,2.91
2020-02-10,3352.090088,1.56,1.66,11,3,0,215000,2.511,2.91
2020-02-11,3357.75,1.59,1.65,12,3,0,215000,2.518,2.89
2020-02-12,3379.449951,1.62,1.66,12,3,0,215000,2.518,2.89
2020-02-13,3373.939941,1.61,1.67,13,3,0,215000,2.518,2.89
2020-02-14,3380.159912,1.59,1.66,13,3,0,215000,2.518,2.89
2020-02-15,3380.159912,1.59,1.66,13,3,0,215000,2.518,2.89
2020-02-16,3380.159912,1.59,1.66,13,3,0,220000,2.518,2.89
2020-02-17,3380.159912,1.59,1.66,13,3,0,220000,2.518,2.89
2020-02-18,3370.290039,1.55,1.65,13,3,0,220000,2.555,2.882
2020-02-19,3386.149902,1.56,1.65,13,3,0,220000,2.555,2.882
2020-02-20,3373.22998,1.52,1.63,13,3,0,220000,2.555,2.882
2020-02-21,3337.75,1.46,1.61,15,5,0,220000,2.555,2.882
2020-02-22,3337.75,1.46,1.61,15,5,0,220000,2.555,2.882
2020-02-23,3337.75,1.46,1.61,15,5,0,217000,2.555,2.882
2020-02-24,3225.889893,1.38,1.59,51,5,0,217000,2.555,2.882
2020-02-25,3128.209961,1.33,1.53,51,6,0,217000,2.514,2.851
2020-02-26,3116.389893,1.33,1.54,57,6,0,217000,2.514,2.851
2020-02-27,2978.76001,1.3,1.53,58,6,0,217000,2.514,2.851
2020-02-28,2954.219971,1.13,1.41,60,7,0,217000,2.514,2.851
2020-02-29,2954.219971,1.13,1.41,68,7,1,217000,2.514,2.851
2020-03-01,2954.219971,1.13,1.41,74,7,1,211000,2.514,2.851
2020-03-02,3090.22998,1.1,1.41,98,7,6,211000,2.514,2.851
2020-03-03,3003.370117,1.02,1.45,118,7,7,211000,2.468,2.814
2020-03-04,3130.120117,1.02,1.46,149,7,11,211000,2.468,2.814
2020-03-05,3023.939941,0.92,1.4,217,7,12,211000,2.468,2.814
2020-03-06,2972.370117,0.74,1.31,262,7,14,211000,2.468,2.814
2020-03-07,2972.370117,0.74,1.31,402,7,17,211000,2.468,2.814
2020-03-08,2972.370117,0.74,1.31,518,7,21,282000,2.468,2.814
2020-03-09,2746.560059,0.54,0.99,583,7,22,282000,2.468,2.814
2020-03-10,2882.22998,0.76,1,959,8,28,282000,2.343,2.733
2020-03-11,2741.379883,0.82,0.96,1281,8,36,282000,2.343,2.733
2020-03-12,2480.639893,0.88,0.92,1663,12,40,282000,2.343,2.733
2020-03-13,2711.02002,0.94,0.9,2179,12,47,282000,2.343,2.733
2020-03-14,2711.02002,0.94,0.9,2727,12,54,282000,2.343,2.733
2020-03-15,2711.02002,0.94,0.9,3499,12,63,3307000,2.343,2.733
2020-03-16,2386.129883,0.73,0.73,4632,17,85,3307000,2.343,2.733
2020-03-17,2529.189941,1.02,0.63,6421,17,108,3307000,2.217,2.659
2020-03-18,2398.100098,1.18,0.63,7783,105,118,3307000,2.217,2.659
2020-03-19,2409.389893,1.12,0.5,13677,121,200,3307000,2.217,2.659
2020-03-20,2304.919922,0.92,0.75,19100,147,244,3307000,2.217,2.659
2020-03-21,2304.919922,0.92,0.75,25489,176,307,3307000,2.217,2.659
2020-03-22,2304.919922,0.92,0.75,33276,178,417,6648000,2.217,2.659
2020-03-23,2237.399902,0.76,0.8,43847,178,557,6648000,2.217,2.659
2020-03-24,2447.330078,0.84,0.97,53740,348,706,6648000,2.103,2.586
2020-03-25,2475.560059,0.88,1.07,65778,361,942,6648000,2.103,2.586
2020-03-26,2630.070068,0.83,1.07,83836,681,1209,6648000,2.103,2.586
2020-03-27,2541.469971,0.72,0.94,101657,869,1581,6648000,2.103,2.586
2020-03-28,2541.469971,0.72,0.94,121478,1072,2026,6648000,2.103,2.586
2020-03-29,2541.469971,0.72,0.94,140886,2665,2467,,2.103,2.586
2020-03-30,2626.649902,0.7,0.95,161807,5644,2978,,2.103,2.586
2020-03-31,2584.590088,0.7,0.87,188172,7024,3873,,,
2020-04-01,2470.5,0.62,0.91,213372,8474,4757,,,
2020-04-02,2526.899902,0.63,1.03,243453,9001,5926,,,
2020-04-03,2488.649902,0.63,1.08,,,,,,
